{
  "2016-02": {
    "Spender": 0.0,
    "Sender": 0.0,
    "Token": 0.0
  },
  "2016-03": {
    "Spender": 0.5,
    "Sender": 0.5,
    "Token": 0.5
  },
  "2016-04": {
    "Spender": 0.2,
    "Sender": 0.9484848484848485,
    "Token": 0.42857142857142855
  },
  "2016-05": {
    "Spender": 0.03571428571428571,
    "Sender": 0.3562932226832642,
    "Token": 0.2727272727272727
  },
  "2016-06": {
    "Spender": 0.07692307692307693,
    "Sender": 0.28638246692503005,
    "Token": 0.3076923076923077
  },
  "2016-07": {
    "Spender": 0.04672897196261682,
    "Sender": 0.20316634327041808,
    "Token": 0.2
  },
  "2016-08": {
    "Spender": 0.030120481927710843,
    "Sender": 0.1819902650081125,
    "Token": 0.06557377049180328
  },
  "2016-09": {
    "Spender": 0.0273224043715847,
    "Sender": 0.18478579812206572,
    "Token": 0.06944444444444445
  },
  "2016-10": {
    "Spender": 0.024390243902439025,
    "Sender": 0.19126490136090304,
    "Token": 0.08860759493670886
  },
  "2016-11": {
    "Spender": 0.02358490566037736,
    "Sender": 0.18578600457634645,
    "Token": 0.08235294117647059
  },
  "2016-12": {
    "Spender": 0.021929824561403508,
    "Sender": 0.18226584483451694,
    "Token": 0.07526881720430108
  },
  "2017-01": {
    "Spender": 0.01937984496124031,
    "Sender": 0.17729479618104207,
    "Token": 0.0673076923076923
  },
  "2017-02": {
    "Spender": 0.025974025974025976,
    "Sender": 0.17326039944027477,
    "Token": 0.06611570247933884
  },
  "2017-03": {
    "Spender": 0.025069637883008356,
    "Sender": 0.16050655279045795,
    "Token": 0.055944055944055944
  },
  "2017-04": {
    "Spender": 0.021897810218978103,
    "Sender": 0.15410494176184553,
    "Token": 0.047058823529411764
  },
  "2017-05": {
    "Spender": 0.01984126984126984,
    "Sender": 0.14544824091115202,
    "Token": 0.03686635944700461
  },
  "2017-06": {
    "Spender": 0.017915309446254073,
    "Sender": 0.1278015437552311,
    "Token": 0.09090909090909091
  },
  "2017-07": {
    "Spender": 0.021573604060913704,
    "Sender": 0.10474330780313945,
    "Token": 0.07481296758104738
  },
  "2017-08": {
    "Spender": 0.01993704092339979,
    "Sender": 0.07344151418235202,
    "Token": 0.09060402684563758
  },
  "2017-09": {
    "Spender": 0.01944209636517329,
    "Sender": 0.05591600689780014,
    "Token": 0.13028571428571428
  },
  "2017-10": {
    "Spender": 0.016455696202531647,
    "Sender": 0.04119869082378463,
    "Token": 0.12026239067055394
  },
  "2017-11": {
    "Spender": 0.015021459227467811,
    "Sender": 0.033197709830673654,
    "Token": 0.10804263565891473
  },
  "2017-12": {
    "Spender": 0.017161410018552876,
    "Sender": 0.028697353297150816,
    "Token": 0.10055423594615993
  },
  "2018-01": {
    "Spender": 0.017558187015108206,
    "Sender": 0.030765877184749667,
    "Token": 0.10059356451109028
  },
  "2018-02": {
    "Spender": 0.021703387043735613,
    "Sender": 0.03168952263132163,
    "Token": 0.1206896551724138
  },
  "2018-03": {
    "Spender": 0.04857384919514261,
    "Sender": 0.03266650542447008,
    "Token": 0.11567916162837566
  },
  "2018-04": {
    "Spender": 0.08007672021098058,
    "Sender": 0.03582655888879946,
    "Token": 0.11328125
  },
  "2018-05": {
    "Spender": 0.09983864461476402,
    "Sender": 0.05368412715616064,
    "Token": 0.1226145038167939
  },
  "2018-06": {
    "Spender": 0.11887763572970281,
    "Sender": 0.05723021774446657,
    "Token": 0.13674975630135078
  },
  "2018-07": {
    "Spender": 0.12812544144653198,
    "Sender": 0.061719183852334845,
    "Token": 0.14363953198904655
  },
  "2018-08": {
    "Spender": 0.13290911273862407,
    "Sender": 0.06480708929788684,
    "Token": 0.15601374570446735
  },
  "2018-09": {
    "Spender": 0.14031277150304083,
    "Sender": 0.0673192425116571,
    "Token": 0.1648981324278438
  },
  "2018-10": {
    "Spender": 0.13854828604671976,
    "Sender": 0.07396271191568247,
    "Token": 0.1674589027530204
  },
  "2018-11": {
    "Spender": 0.1773989898989899,
    "Sender": 0.08270923375026597,
    "Token": 0.17161531279178338
  },
  "2018-12": {
    "Spender": 0.2150590207445694,
    "Sender": 0.08904611150215107,
    "Token": 0.18040642470494275
  },
  "2019-01": {
    "Spender": 0.26425255338904363,
    "Sender": 0.09151260618911332,
    "Token": 0.18265993265993266
  },
  "2019-02": {
    "Spender": 0.2793676436648973,
    "Sender": 0.09570729913587056,
    "Token": 0.18991459943066288
  },
  "2019-03": {
    "Spender": 0.2951301651788101,
    "Sender": 0.09973315731078747,
    "Token": 0.193203125
  },
  "2019-04": {
    "Spender": 0.3100674494129403,
    "Sender": 0.10026151869799642,
    "Token": 0.19656762682392076
  },
  "2019-05": {
    "Spender": 0.32363838458688404,
    "Sender": 0.07634734105031307,
    "Token": 0.20032098044937263
  },
  "2019-06": {
    "Spender": 0.30075334712518054,
    "Sender": 0.07572900116579756,
    "Token": 0.20707141850964925
  },
  "2019-07": {
    "Spender": 0.3223275096239266,
    "Sender": 0.08297448907864723,
    "Token": 0.21279611257339542
  },
  "2019-08": {
    "Spender": 0.3698316183348924,
    "Sender": 0.09816923989434295,
    "Token": 0.21937914014807117
  },
  "2019-09": {
    "Spender": 0.36027890583097083,
    "Sender": 0.10694246827456454,
    "Token": 0.22415971695729087
  },
  "2019-10": {
    "Spender": 0.39031620553359686,
    "Sender": 0.11523847733226347,
    "Token": 0.22956164714406474
  },
  "2019-11": {
    "Spender": 0.4076929066417504,
    "Sender": 0.12073723372656589,
    "Token": 0.23530100040952437
  },
  "2019-12": {
    "Spender": 0.41732766507022545,
    "Sender": 0.12712595053077327,
    "Token": 0.24045758296522823
  },
  "2020-01": {
    "Spender": 0.4277332391791975,
    "Sender": 0.13368197090169348,
    "Token": 0.24916047343793007
  },
  "2020-02": {
    "Spender": 0.4403796737116791,
    "Sender": 0.14161887721139338,
    "Token": 0.2602973304204188
  },
  "2020-03": {
    "Spender": 0.4469578481917009,
    "Sender": 0.1498204631355782,
    "Token": 0.2691190204420463
  },
  "2020-04": {
    "Spender": 0.4498758813368949,
    "Sender": 0.15663811891433374,
    "Token": 0.27408446470617703
  },
  "2020-05": {
    "Spender": 0.4533779648758415,
    "Sender": 0.16526256286546265,
    "Token": 0.28516321905588504
  },
  "2020-06": {
    "Spender": 0.46338858624929324,
    "Sender": 0.1766401975658936,
    "Token": 0.3325738283518742
  },
  "2020-07": {
    "Spender": 0.48141377727141327,
    "Sender": 0.19922809638608763,
    "Token": 0.38151707217337966
  },
  "2020-08": {
    "Spender": 0.5059970908744068,
    "Sender": 0.238327615390071,
    "Token": 0.46676236371714686
  },
  "2020-09": {
    "Spender": 0.5286871179979992,
    "Sender": 0.2841899297995263,
    "Token": 0.5483888481689606
  },
  "2020-10": {
    "Spender": 0.5350613348118373,
    "Sender": 0.3406347023689278,
    "Token": 0.6228083162369662
  },
  "2020-11": {
    "Spender": 0.5397442252404084,
    "Sender": 0.3926613050630598,
    "Token": 0.6595347816545973
  },
  "2020-12": {
    "Spender": 0.5422758938665689,
    "Sender": 0.4246278055102807,
    "Token": 0.6775245394648379
  },
  "2021-01": {
    "Spender": 0.546315411269647,
    "Sender": 0.4452765776646405,
    "Token": 0.6878680988939078
  },
  "2021-02": {
    "Spender": 0.5504220583186333,
    "Sender": 0.4702656113127268,
    "Token": 0.6934474252235584
  },
  "2021-03": {
    "Spender": 0.5525920641586938,
    "Sender": 0.5012688831105394,
    "Token": 0.7017543859649122
  },
  "2021-04": {
    "Spender": 0.5553189820365991,
    "Sender": 0.5311505581755844,
    "Token": 0.7159994459066352
  },
  "2021-05": {
    "Spender": 0.5569265620810603,
    "Sender": 0.5670005966110613,
    "Token": 0.7350907301314893
  },
  "2021-06": {
    "Spender": 0.5576368952543685,
    "Sender": 0.5838462028465599,
    "Token": 0.7557735678845287
  },
  "2021-07": {
    "Spender": 0.5559342672189497,
    "Sender": 0.6028892358286316,
    "Token": 0.7645332883016001
  }
}
